stock_id,weight
300316,0.1343068853272642
601888,0.130756415794621
688396,0.12934083047732925
000895,0.1282415742405861
600900,0.1273542941601995
