stock_id,weight
600183,0.20461374971728924
002601,0.1265868505523075
688041,0.11349980894489292
600547,0.10692719303723791
000975,0.10452546563584011
