stock_id,weight
600183,0.20779918213384108
300316,0.19826520891145263
688008,0.13750680630644152
600426,0.130253406905072
601919,0.12370963802831315
