stock_id,weight
600115,0.19404079812482086
000063,0.11262640880222899
300316,0.10447452592286291
600183,0.10087831505053675
002601,0.10083475835614583
