stock_id,weight
300316,0.12382365938202876
600183,0.11956141472298489
002601,0.11950979114065774
600115,0.11885539473240181
000768,0.11824974300215896
