stock_id,weight
601888,0.19586610878871244
300316,0.11746569658065972
688396,0.11312235192797158
000895,0.11216093510071785
600900,0.11138491403187395
