stock_id,weight
002601,0.20327732848246047
600183,0.1970370368923018
688041,0.13598171159505565
300433,0.1301314406598939
601698,0.12979251828754781
