stock_id,weight
600183,0.21627961944700422
300316,0.20385436106162189
002601,0.196874180529291
600115,0.1956633867125694
600372,0.1873284522495135
