stock_id,weight
300316,0.19410278937737907
002601,0.1927657633132176
600426,0.15275337346531045
600372,0.1244808481498559
600489,0.1227657831640905
