stock_id,weight
600115,0.19999627491778257
600183,0.1978645032169486
600372,0.1367378335153621
688396,0.13069252142362733
600029,0.1306657035691777
