stock_id,weight
600183,0.210429291151463
600115,0.2057732917835013
002601,0.20485662857792433
600584,0.19674338872529
603296,0.17874172373872924
