stock_id,weight
000792,0.2
600233,0.2
601669,0.2
600930,0.19999999999999998
002463,0.19999999999999996
